0,-70.285,,,,,0
0.10593,-70.285,,,,,
0.21187,-18.094,,,,,
0.3178,-15.691,,,,,
0.50853,-11.799,,,,,
0.69926,-8.2156,,,,,
0.88999,-4.7486,,,,,
0.94721,-3.7237,,,,,
1.0044,-2.7053,,,,,
1.0616,-1.6977,,,,,
1.1189,-0.70442,,,,,
1.3857,3.6408,,,,,
1.6524,7.4603,,,,,
1.9192,10.715,,,,,
2.186,13.439,,,,,
2.686,17.406,,,,,
3.186,20.282,,,,,
3.686,22.421,,,,,
4.186,23.987,,,,,
4.686,25.098,,,,,
5.186,25.85,,,,,
5.686,26.343,,,,,
6.186,26.661,,,,,
6.686,26.869,,,,,
7.186,27.014,,,,,
7.686,27.127,,,,,
8.186,27.228,,,,,
8.686,27.332,,,,,
9.186,27.444,,,,,
9.686,27.569,,,,,
10.186,27.707,,,,,
10.686,27.857,,,,,
11.186,28.018,,,,,
11.686,28.187,,,,,
12.186,28.361,,,,,
12.686,28.536,,,,,
13.186,28.71,,,,,
13.686,28.883,,,,,
14.186,29.051,,,,,
14.686,29.214,,,,,
15.186,29.37,,,,,
15.686,29.518,,,,,
16.186,29.656,,,,,
16.686,29.785,,,,,
17.186,29.902,,,,,
17.686,30.01,,,,,
18.186,30.105,,,,,
18.686,30.191,,,,,
19.186,30.265,,,,,
19.686,30.331,,,,,
20.186,30.387,,,,,
20.686,30.432,,,,,
21.186,30.471,,,,,
21.686,30.501,,,,,
22.186,30.526,,,,,
22.686,30.543,,,,,
23.186,30.558,,,,,
23.686,30.566,,,,,
24.186,30.574,,,,,
24.686,30.577,,,,,
25.186,30.58,,,,,
25.686,30.58,,,,,
26.186,30.581,,,,,
26.686,30.58,,,,,
27.186,30.581,,,,,
27.686,30.581,,,,,
28.186,30.584,,,,,
28.686,30.586,,,,,
29.186,30.592,,,,,
29.686,30.597,,,,,
30.186,30.607,,,,,
30.686,30.616,,,,,
31.186,30.63,,,,,
31.686,30.643,,,,,
32.186,30.663,,,,,
32.686,30.68,,,,,
33.186,30.704,,,,,
33.686,30.726,,,,,
34.186,30.755,,,,,
34.686,30.782,,,,,
35.186,30.815,,,,,
35.686,30.846,,,,,
36.186,30.884,,,,,
36.686,30.918,,,,,
37.186,30.961,,,,,
37.686,30.998,,,,,
38.186,31.045,,,,,
38.686,31.085,,,,,
39.186,31.136,,,,,
39.686,31.177,,,,,
40.186,31.233,,,,,
40.686,31.275,,,,,
41.186,31.335,,,,,
41.686,31.377,,,,,
42.186,31.426,,,,,
42.686,31.478,,,,,
43.186,31.533,,,,,
43.686,31.588,,,,,
44.186,31.644,,,,,
44.686,31.7,,,,,
45.186,31.757,,,,,
45.686,31.814,,,,,
46.186,31.871,,,,,
46.686,31.928,,,,,
47.186,31.986,,,,,
47.686,32.043,,,,,
48.186,32.1,,,,,
48.686,32.158,,,,,
49.186,32.215,,,,,
49.686,32.271,,,,,
50.186,32.328,,,,,
50.686,32.384,,,,,
51.186,32.44,,,,,
51.686,32.495,,,,,
52.186,32.55,,,,,
52.686,32.604,,,,,
53.186,32.658,,,,,
53.686,32.711,,,,,
54.186,32.763,,,,,
54.686,32.815,,,,,
55.186,32.866,,,,,
55.686,32.916,,,,,
56.186,32.966,,,,,
56.686,33.014,,,,,
57.186,33.062,,,,,
57.686,33.109,,,,,
58.186,33.155,,,,,
58.686,33.2,,,,,
59.186,33.245,,,,,
59.686,33.288,,,,,
60.186,33.331,,,,,
60.686,33.372,,,,,
61.186,33.413,,,,,
61.686,33.452,,,,,
62.186,33.491,,,,,
62.686,33.528,,,,,
63.186,33.565,,,,,
63.686,33.6,,,,,
64.186,33.635,,,,,
64.686,33.668,,,,,
65.186,33.701,,,,,
65.686,33.732,,,,,
66.186,33.762,,,,,
66.686,33.792,,,,,
67.186,33.82,,,,,
67.686,33.847,,,,,
68.186,33.874,,,,,
68.686,33.899,,,,,
69.186,33.923,,,,,
69.686,33.946,,,,,
70.186,33.968,,,,,
70.686,33.989,,,,,
71.186,34.009,,,,,
71.686,34.028,,,,,
72.186,34.046,,,,,
72.686,34.063,,,,,
73.186,34.079,,,,,
73.686,34.094,,,,,
74.186,34.108,,,,,
74.686,34.12,,,,,
75.186,34.132,,,,,
75.686,34.143,,,,,
76.186,34.153,,,,,
76.686,34.162,,,,,
77.186,34.171,,,,,
77.686,34.178,,,,,
78.186,34.184,,,,,
78.686,34.189,,,,,
79.186,34.193,,,,,
79.686,34.197,,,,,
80.186,34.199,,,,,
80.686,34.201,,,,,
81.186,34.202,,,,,
81.686,34.201,,,,,
82.186,34.2,,,,,
82.686,34.199,,,,,
83.186,34.196,,,,,
83.686,34.192,,,,,
84.186,34.188,,,,,
84.686,34.182,,,,,
85.186,34.176,,,,,
85.686,34.169,,,,,
86.186,34.162,,,,,
86.686,34.153,,,,,
87.186,34.144,,,,,
87.686,34.134,,,,,
88.186,34.123,,,,,
88.686,34.111,,,,,
89.186,34.099,,,,,
89.686,34.086,,,,,
90.186,34.072,,,,,
90.686,34.058,,,,,
91.186,34.042,,,,,
91.686,34.027,,,,,
92.186,34.01,,,,,
92.686,33.993,,,,,
93.186,33.975,,,,,
93.686,33.956,,,,,
94.186,33.937,,,,,
94.686,33.917,,,,,
95.186,33.896,,,,,
95.686,33.875,,,,,
96.186,33.853,,,,,
96.686,33.83,,,,,
97.186,33.807,,,,,
97.686,33.783,,,,,
98.186,33.759,,,,,
98.686,33.734,,,,,
99.186,33.709,,,,,
99.686,33.683,,,,,
100.19,33.656,,,,,
100.69,33.629,,,,,
101.19,33.601,,,,,
101.69,33.573,,,,,
102.19,33.544,,,,,
102.69,33.514,,,,,
103.19,33.484,,,,,
103.69,33.454,,,,,
104.19,33.423,,,,,
104.69,33.392,,,,,
105.19,33.36,,,,,
105.69,33.327,,,,,
106.19,33.294,,,,,
106.69,33.261,,,,,
107.19,33.227,,,,,
107.69,33.193,,,,,
108.19,33.158,,,,,
108.69,33.123,,,,,
109.19,33.087,,,,,
109.69,33.051,,,,,
110.19,33.014,,,,,
110.69,32.977,,,,,
111.19,32.94,,,,,
111.69,32.902,,,,,
112.19,32.864,,,,,
112.69,32.825,,,,,
113.19,32.786,,,,,
113.69,32.746,,,,,
114.19,32.706,,,,,
114.69,32.666,,,,,
115.19,32.625,,,,,
115.69,32.584,,,,,
116.19,32.543,,,,,
116.69,32.501,,,,,
117.19,32.459,,,,,
117.69,32.416,,,,,
118.19,32.373,,,,,
118.69,32.33,,,,,
119.19,32.286,,,,,
119.69,32.242,,,,,
120.19,32.198,,,,,
120.69,32.153,,,,,
121.19,32.108,,,,,
121.69,32.063,,,,,
122.19,32.017,,,,,
122.69,31.971,,,,,
123.19,31.925,,,,,
123.69,31.878,,,,,
124.19,31.831,,,,,
124.69,31.784,,,,,
125.19,31.736,,,,,
125.69,31.688,,,,,
126.19,31.64,,,,,
126.69,31.592,,,,,
127.19,31.543,,,,,
127.69,31.494,,,,,
128.19,31.444,,,,,
128.69,31.395,,,,,
129.19,31.345,,,,,
129.69,31.295,,,,,
130.19,31.244,,,,,
130.69,31.193,,,,,
131.19,31.142,,,,,
131.69,31.091,,,,,
132.19,31.039,,,,,
132.69,30.987,,,,,
133.19,30.935,,,,,
133.69,30.883,,,,,
134.19,30.83,,,,,
134.69,30.777,,,,,
135.19,30.724,,,,,
135.69,30.671,,,,,
136.19,30.617,,,,,
136.69,30.563,,,,,
137.19,30.509,,,,,
137.69,30.454,,,,,
138.19,30.4,,,,,
138.69,30.345,,,,,
139.19,30.29,,,,,
139.69,30.234,,,,,
140.19,30.179,,,,,
140.69,30.123,,,,,
141.19,30.067,,,,,
141.69,30.01,,,,,
142.19,29.954,,,,,
142.69,29.897,,,,,
143.19,29.84,,,,,
143.69,29.783,,,,,
144.19,29.725,,,,,
144.69,29.668,,,,,
145.19,29.61,,,,,
145.69,29.552,,,,,
146.19,29.494,,,,,
146.69,29.435,,,,,
147.19,29.376,,,,,
147.69,29.317,,,,,
148.19,29.258,,,,,
148.69,29.199,,,,,
149.19,29.139,,,,,
149.69,29.079,,,,,
150.19,29.019,,,,,
150.69,28.959,,,,,
151.19,28.899,,,,,
151.69,28.838,,,,,
152.19,28.777,,,,,
152.69,28.716,,,,,
153.19,28.655,,,,,
153.69,28.594,,,,,
154.19,28.532,,,,,
154.69,28.47,,,,,
155.19,28.408,,,,,
155.69,28.346,,,,,
156.19,28.284,,,,,
156.69,28.221,,,,,
157.19,28.158,,,,,
157.69,28.095,,,,,
158.19,28.032,,,,,
158.69,27.969,,,,,
159.19,27.905,,,,,
159.69,27.842,,,,,
160.19,27.778,,,,,
160.69,27.714,,,,,
161.19,27.649,,,,,
161.69,27.585,,,,,
162.19,27.52,,,,,
162.69,27.455,,,,,
163.19,27.39,,,,,
163.69,27.325,,,,,
164.19,27.26,,,,,
164.69,27.194,,,,,
165.19,27.128,,,,,
165.69,27.062,,,,,
166.19,26.996,,,,,
166.69,26.93,,,,,
167.19,26.864,,,,,
167.69,26.797,,,,,
168.19,26.73,,,,,
168.69,26.663,,,,,
169.19,26.596,,,,,
169.69,26.528,,,,,
170.19,26.461,,,,,
170.69,26.393,,,,,
171.19,26.325,,,,,
171.69,26.257,,,,,
172.19,26.189,,,,,
172.69,26.12,,,,,
173.19,26.052,,,,,
173.69,25.983,,,,,
174.19,25.914,,,,,
174.69,25.845,,,,,
175.19,25.775,,,,,
175.69,25.706,,,,,
176.19,25.636,,,,,
176.69,25.566,,,,,
177.19,25.496,,,,,
177.69,25.426,,,,,
178.19,25.356,,,,,
178.69,25.285,,,,,
179.19,25.214,,,,,
179.69,25.144,,,,,
180.19,25.072,,,,,
180.69,25.001,,,,,
181.19,24.93,,,,,
181.69,24.858,,,,,
182.19,24.786,,,,,
182.69,24.714,,,,,
183.19,24.642,,,,,
183.69,24.57,,,,,
184.19,24.497,,,,,
184.69,24.425,,,,,
185.19,24.352,,,,,
185.69,24.279,,,,,
186.19,24.206,,,,,
186.69,24.132,,,,,
187.19,24.059,,,,,
187.69,23.985,,,,,
188.19,23.911,,,,,
188.69,23.837,,,,,
189.19,23.763,,,,,
189.69,23.689,,,,,
190.19,23.614,,,,,
190.69,23.539,,,,,
191.19,23.464,,,,,
191.69,23.389,,,,,
192.19,23.314,,,,,
192.69,23.238,,,,,
193.19,23.163,,,,,
193.69,23.087,,,,,
194.19,23.011,,,,,
194.69,22.935,,,,,
195.19,22.858,,,,,
195.69,22.782,,,,,
196.19,22.705,,,,,
196.69,22.628,,,,,
197.19,22.551,,,,,
197.69,22.474,,,,,
198.19,22.396,,,,,
198.69,22.319,,,,,
199.19,22.241,,,,,
199.69,22.163,,,,,
200.19,22.085,,,,,
200.69,22.007,,,,,
201.19,21.928,,,,,
201.69,21.849,,,,,
202.19,21.77,,,,,
202.69,21.691,,,,,
203.19,21.612,,,,,
203.69,21.533,,,,,
204.19,21.453,,,,,
204.69,21.373,,,,,
205.19,21.293,,,,,
205.69,21.213,,,,,
206.19,21.133,,,,,
206.69,21.052,,,,,
207.19,20.971,,,,,
207.69,20.89,,,,,
208.19,20.809,,,,,
208.69,20.728,,,,,
209.19,20.647,,,,,
209.69,20.565,,,,,
210.19,20.483,,,,,
210.69,20.401,,,,,
211.19,20.319,,,,,
211.69,20.236,,,,,
212.19,20.153,,,,,
212.69,20.071,,,,,
213.19,19.987,,,,,
213.69,19.904,,,,,
214.19,19.821,,,,,
214.69,19.737,,,,,
215.19,19.653,,,,,
215.69,19.569,,,,,
216.19,19.485,,,,,
216.69,19.4,,,,,
217.19,19.316,,,,,
217.69,19.231,,,,,
218.19,19.146,,,,,
218.69,19.06,,,,,
219.19,18.975,,,,,
219.69,18.889,,,,,
220.19,18.803,,,,,
220.69,18.717,,,,,
221.19,18.631,,,,,
221.69,18.544,,,,,
222.19,18.458,,,,,
222.69,18.371,,,,,
223.19,18.283,,,,,
223.69,18.196,,,,,
224.19,18.108,,,,,
224.69,18.02,,,,,
225.19,17.932,,,,,
225.69,17.844,,,,,
226.19,17.756,,,,,
226.69,17.667,,,,,
227.19,17.578,,,,,
227.69,17.489,,,,,
228.19,17.399,,,,,
228.69,17.31,,,,,
229.19,17.22,,,,,
229.69,17.13,,,,,
230.19,17.039,,,,,
230.69,16.949,,,,,
231.19,16.858,,,,,
231.69,16.767,,,,,
232.19,16.676,,,,,
232.69,16.584,,,,,
233.19,16.493,,,,,
233.69,16.401,,,,,
234.19,16.308,,,,,
234.69,16.216,,,,,
235.19,16.123,,,,,
235.69,16.03,,,,,
236.19,15.937,,,,,
236.69,15.844,,,,,
237.19,15.75,,,,,
237.69,15.656,,,,,
238.19,15.562,,,,,
238.69,15.468,,,,,
239.19,15.373,,,,,
239.69,15.278,,,,,
240.19,15.183,,,,,
240.69,15.087,,,,,
241.19,14.992,,,,,
241.69,14.896,,,,,
242.19,14.8,,,,,
242.69,14.703,,,,,
243.19,14.606,,,,,
243.69,14.51,,,,,
244.19,14.412,,,,,
244.69,14.315,,,,,
245.19,14.217,,,,,
245.69,14.119,,,,,
246.19,14.021,,,,,
246.69,13.922,,,,,
247.19,13.823,,,,,
247.69,13.724,,,,,
248.19,13.625,,,,,
248.69,13.525,,,,,
249.19,13.425,,,,,
249.69,13.325,,,,,
250.19,13.224,,,,,
250.69,13.123,,,,,
251.19,13.022,,,,,
251.69,12.921,,,,,
252.19,12.819,,,,,
252.69,12.717,,,,,
253.19,12.615,,,,,
253.69,12.513,,,,,
254.19,12.41,,,,,
254.69,12.307,,,,,
255.19,12.203,,,,,
255.69,12.099,,,,,
256.19,11.995,,,,,
256.69,11.891,,,,,
257.19,11.786,,,,,
257.69,11.681,,,,,
258.19,11.576,,,,,
258.69,11.471,,,,,
259.19,11.365,,,,,
259.69,11.258,,,,,
260.19,11.152,,,,,
260.69,11.045,,,,,
261.19,10.938,,,,,
261.69,10.83,,,,,
262.19,10.723,,,,,
262.69,10.614,,,,,
263.19,10.506,,,,,
263.69,10.397,,,,,
264.19,10.288,,,,,
264.69,10.179,,,,,
265.19,10.069,,,,,
265.69,9.9587,,,,,
266.19,9.8482,,,,,
266.69,9.7373,,,,,
267.19,9.6262,,,,,
267.69,9.5146,,,,,
268.19,9.4028,,,,,
268.69,9.2906,,,,,
269.19,9.178,,,,,
269.69,9.065,,,,,
270.19,8.9517,,,,,
270.69,8.8381,,,,,
271.19,8.7241,,,,,
271.69,8.6097,,,,,
272.19,8.4949,,,,,
272.69,8.3798,,,,,
273.19,8.2643,,,,,
273.69,8.1484,,,,,
274.19,8.0321,,,,,
274.69,7.9155,,,,,
275.19,7.7985,,,,,
275.69,7.681,,,,,
276.19,7.5632,,,,,
276.69,7.445,,,,,
277.19,7.3265,,,,,
277.69,7.2075,,,,,
278.19,7.0881,,,,,
278.69,6.9683,,,,,
279.19,6.8481,,,,,
279.69,6.7275,,,,,
280.19,6.6064,,,,,
280.69,6.485,,,,,
281.19,6.3631,,,,,
281.69,6.2408,,,,,
282.19,6.1181,,,,,
282.69,5.995,,,,,
283.19,5.8714,,,,,
283.69,5.7474,,,,,
284.19,5.623,,,,,
284.69,5.4981,,,,,
285.19,5.3728,,,,,
285.69,5.247,,,,,
286.19,5.1208,,,,,
286.69,4.9941,,,,,
287.19,4.8669,,,,,
287.69,4.7393,,,,,
288.19,4.6113,,,,,
288.69,4.4827,,,,,
289.19,4.3537,,,,,
289.69,4.2242,,,,,
290.19,4.0942,,,,,
290.69,3.9638,,,,,
291.19,3.8328,,,,,
291.69,3.7014,,,,,
292.19,3.5695,,,,,
292.69,3.437,,,,,
293.19,3.3041,,,,,
293.69,3.1706,,,,,
294.19,3.0367,,,,,
294.69,2.9022,,,,,
295.19,2.7672,,,,,
295.69,2.6316,,,,,
296.19,2.4956,,,,,
296.69,2.359,,,,,
297.19,2.2218,,,,,
297.69,2.0841,,,,,
298.19,1.9459,,,,,
298.69,1.8071,,,,,
299.19,1.6678,,,,,
299.69,1.5278,,,,,
300.19,1.3873,,,,,
300.69,1.2463,,,,,
301.19,1.1046,,,,,
301.69,0.96238,,,,,
302.19,0.81955,,,,,
302.69,0.67613,,,,,
303.19,0.53209,,,,,
303.69,0.38745,,,,,
304.19,0.2422,,,,,
304.69,0.096321,,,,,
305.19,-0.050183,,,,,
305.69,-0.19732,,,,,
306.19,-0.3451,,,,,
306.69,-0.49352,,,,,
307.19,-0.6426,,,,,
307.69,-0.79233,,,,,
308.19,-0.94273,,,,,
308.69,-1.0938,,,,,
309.19,-1.2456,,,,,
309.69,-1.398,,,,,
310.19,-1.5511,,,,,
310.69,-1.705,,,,,
311.19,-1.8595,,,,,
311.69,-2.0148,,,,,
312.19,-2.1707,,,,,
312.69,-2.3274,,,,,
313.19,-2.4849,,,,,
313.69,-2.6431,,,,,
314.19,-2.802,,,,,
314.69,-2.9618,,,,,
315.19,-3.1223,,,,,
315.69,-3.2835,,,,,
316.19,-3.4456,,,,,
316.69,-3.6084,,,,,
317.19,-3.7721,,,,,
317.69,-3.9366,,,,,
318.19,-4.1019,,,,,
318.69,-4.2681,,,,,
319.19,-4.4351,,,,,
319.69,-4.6029,,,,,
320.19,-4.7717,,,,,
320.69,-4.9413,,,,,
321.19,-5.1118,,,,,
321.69,-5.2831,,,,,
322.19,-5.4555,,,,,
322.69,-5.6287,,,,,
323.19,-5.8028,,,,,
323.69,-5.978,,,,,
324.19,-6.154,,,,,
324.69,-6.3311,,,,,
325.19,-6.5091,,,,,
325.69,-6.6881,,,,,
326.19,-6.8682,,,,,
326.69,-7.0492,,,,,
327.19,-7.2313,,,,,
327.69,-7.4145,,,,,
328.19,-7.5987,,,,,
328.69,-7.784,,,,,
329.19,-7.9703,,,,,
329.69,-8.1578,,,,,
330.19,-8.3465,,,,,
330.69,-8.5362,,,,,
331.19,-8.7272,,,,,
331.69,-8.9193,,,,,
332.19,-9.1126,,,,,
332.69,-9.3071,,,,,
333.19,-9.5028,,,,,
333.69,-9.6998,,,,,
334.19,-9.898,,,,,
334.69,-10.098,,,,,
335.19,-10.298,,,,,
335.69,-10.501,,,,,
336.19,-10.704,,,,,
336.69,-10.909,,,,,
337.19,-11.115,,,,,
337.69,-11.323,,,,,
338.19,-11.532,,,,,
338.69,-11.742,,,,,
339.19,-11.954,,,,,
339.69,-12.168,,,,,
340.19,-12.383,,,,,
340.69,-12.599,,,,,
341.19,-12.817,,,,,
341.69,-13.037,,,,,
342.19,-13.258,,,,,
342.69,-13.481,,,,,
343.19,-13.706,,,,,
343.69,-13.932,,,,,
344.19,-14.16,,,,,
344.69,-14.39,,,,,
345.19,-14.622,,,,,
345.69,-14.855,,,,,
346.19,-15.09,,,,,
346.69,-15.327,,,,,
347.19,-15.566,,,,,
347.69,-15.807,,,,,
348.19,-16.05,,,,,
348.69,-16.295,,,,,
349.19,-16.541,,,,,
349.69,-16.79,,,,,
350.19,-17.041,,,,,
350.69,-17.294,,,,,
351.19,-17.549,,,,,
351.69,-17.807,,,,,
352.19,-18.066,,,,,
352.69,-18.328,,,,,
353.19,-18.592,,,,,
353.69,-18.857,,,,,
354.19,-19.125,,,,,
354.69,-19.395,,,,,
355.19,-19.668,,,,,
355.69,-19.943,,,,,
356.19,-20.22,,,,,
356.69,-20.5,,,,,
357.19,-20.783,,,,,
357.69,-21.068,,,,,
358.19,-21.355,,,,,
358.69,-21.645,,,,,
359.19,-21.938,,,,,
359.69,-22.234,,,,,
360.19,-22.532,,,,,
360.69,-22.833,,,,,
361.19,-23.136,,,,,
361.69,-23.442,,,,,
362.19,-23.752,,,,,
362.69,-24.064,,,,,
363.19,-24.378,,,,,
363.69,-24.696,,,,,
364.19,-25.016,,,,,
364.69,-25.34,,,,,
365.19,-25.666,,,,,
365.69,-25.995,,,,,
366.19,-26.327,,,,,
366.69,-26.662,,,,,
367.19,-27,,,,,
367.69,-27.341,,,,,
368.19,-27.685,,,,,
368.69,-28.032,,,,,
369.19,-28.382,,,,,
369.69,-28.734,,,,,
370.19,-29.09,,,,,
370.69,-29.449,,,,,
371.19,-29.81,,,,,
371.69,-30.174,,,,,
372.19,-30.541,,,,,
372.69,-30.911,,,,,
373.19,-31.284,,,,,
373.69,-31.659,,,,,
374.19,-32.037,,,,,
374.69,-32.418,,,,,
375.19,-32.801,,,,,
375.69,-33.187,,,,,
376.19,-33.575,,,,,
376.69,-33.966,,,,,
377.19,-34.359,,,,,
377.69,-34.754,,,,,
378.19,-35.152,,,,,
378.69,-35.551,,,,,
379.19,-35.953,,,,,
379.69,-36.356,,,,,
380.19,-36.762,,,,,
380.69,-37.169,,,,,
381.19,-37.577,,,,,
381.69,-37.988,,,,,
382.19,-38.4,,,,,
382.69,-38.813,,,,,
383.19,-39.227,,,,,
383.69,-39.643,,,,,
384.19,-40.059,,,,,
384.69,-40.477,,,,,
385.19,-40.896,,,,,
385.69,-41.316,,,,,
386.19,-41.736,,,,,
386.69,-42.158,,,,,
387.19,-42.58,,,,,
387.69,-43.002,,,,,
388.19,-43.425,,,,,
388.69,-43.849,,,,,
389.19,-44.274,,,,,
389.69,-44.699,,,,,
390.19,-45.126,,,,,
390.69,-45.553,,,,,
391.19,-45.98,,,,,
391.69,-46.408,,,,,
392.19,-46.836,,,,,
392.69,-47.265,,,,,
393.19,-47.694,,,,,
393.69,-48.124,,,,,
394.19,-48.556,,,,,
394.69,-48.988,,,,,
395.19,-49.422,,,,,
395.69,-49.857,,,,,
396.19,-50.293,,,,,
396.69,-50.73,,,,,
397.19,-51.167,,,,,
397.69,-51.606,,,,,
398.19,-52.045,,,,,
398.69,-52.484,,,,,
399.19,-52.924,,,,,
399.69,-53.364,,,,,
400.19,-53.804,,,,,
400.69,-54.245,,,,,
401.19,-54.685,,,,,
401.69,-55.124,,,,,
402.19,-55.563,,,,,
402.69,-56.001,,,,,
403.19,-56.438,,,,,
403.69,-56.874,,,,,
404.19,-57.308,,,,,
404.69,-57.74,,,,,
405.19,-58.17,,,,,
405.69,-58.597,,,,,
406.19,-59.022,,,,,
406.69,-59.444,,,,,
407.19,-59.863,,,,,
407.69,-60.277,,,,,
408.19,-60.688,,,,,
408.69,-61.092,,,,,
409.19,-61.492,,,,,
409.69,-61.886,,,,,
410.19,-62.275,,,,,
410.69,-62.66,,,,,
411.19,-63.039,,,,,
411.69,-63.413,,,,,
412.19,-63.782,,,,,
412.69,-64.144,,,,,
413.19,-64.5,,,,,
413.69,-64.849,,,,,
414.19,-65.192,,,,,
414.69,-65.528,,,,,
415.19,-65.857,,,,,
415.69,-66.179,,,,,
416.19,-66.495,,,,,
416.69,-66.803,,,,,
417.19,-67.104,,,,,
417.69,-67.398,,,,,
418.19,-67.684,,,,,
418.69,-67.964,,,,,
419.19,-68.236,,,,,
419.69,-68.501,,,,,
420.19,-68.759,,,,,
420.69,-69.009,,,,,
421.19,-69.253,,,,,
421.69,-69.489,,,,,
422.19,-69.718,,,,,
422.69,-69.941,,,,,
423.19,-70.157,,,,,
423.69,-70.366,,,,,
424.19,-70.568,,,,,
424.69,-70.764,,,,,
425.19,-70.953,,,,,
425.69,-71.136,,,,,
426.19,-71.313,,,,,
426.69,-71.484,,,,,
427.19,-71.649,,,,,
427.69,-71.809,,,,,
428.19,-71.963,,,,,
428.69,-72.111,,,,,
429.19,-72.254,,,,,
429.69,-72.392,,,,,
430.19,-72.525,,,,,
430.69,-72.652,,,,,
431.19,-72.776,,,,,
431.69,-72.894,,,,,
432.19,-73.008,,,,,
432.69,-73.118,,,,,
433.19,-73.224,,,,,
433.69,-73.325,,,,,
434.19,-73.423,,,,,
434.69,-73.517,,,,,
435.19,-73.607,,,,,
435.69,-73.694,,,,,
436.19,-73.777,,,,,
436.69,-73.857,,,,,
437.19,-73.934,,,,,
437.69,-74.008,,,,,
438.19,-74.078,,,,,
438.69,-74.146,,,,,
439.19,-74.212,,,,,
439.69,-74.274,,,,,
440.19,-74.334,,,,,
440.69,-74.392,,,,,
441.19,-74.447,,,,,
441.69,-74.5,,,,,
442.19,-74.551,,,,,
442.69,-74.6,,,,,
443.19,-74.646,,,,,
443.69,-74.691,,,,,
444.19,-74.734,,,,,
444.69,-74.775,,,,,
445.19,-74.814,,,,,
445.69,-74.852,,,,,
446.19,-74.888,,,,,
446.69,-74.923,,,,,
447.19,-74.956,,,,,
447.69,-74.988,,,,,
448.19,-75.018,,,,,
448.69,-75.047,,,,,
449.19,-75.075,,,,,
449.69,-75.102,,,,,
450.19,-75.127,,,,,
450.69,-75.152,,,,,
451.19,-75.175,,,,,
451.69,-75.197,,,,,
452.19,-75.219,,,,,
452.69,-75.239,,,,,
453.19,-75.258,,,,,
453.69,-75.277,,,,,
454.19,-75.295,,,,,
454.69,-75.312,,,,,
455.19,-75.328,,,,,
455.69,-75.344,,,,,
456.19,-75.358,,,,,
456.69,-75.372,,,,,
457.19,-75.386,,,,,
457.69,-75.399,,,,,
458.19,-75.411,,,,,
458.69,-75.422,,,,,
459.19,-75.434,,,,,
459.69,-75.444,,,,,
460.19,-75.454,,,,,
460.69,-75.464,,,,,
461.19,-75.473,,,,,
461.69,-75.481,,,,,
462.19,-75.489,,,,,
462.69,-75.497,,,,,
463.19,-75.504,,,,,
463.69,-75.511,,,,,
464.19,-75.518,,,,,
464.69,-75.524,,,,,
465.19,-75.53,,,,,
465.69,-75.535,,,,,
466.19,-75.541,,,,,
466.69,-75.545,,,,,
467.19,-75.55,,,,,
467.69,-75.554,,,,,
468.19,-75.558,,,,,
468.69,-75.562,,,,,
469.19,-75.566,,,,,
469.69,-75.569,,,,,
470.19,-75.572,,,,,
470.69,-75.575,,,,,
471.19,-75.577,,,,,
471.69,-75.58,,,,,
472.19,-75.582,,,,,
472.69,-75.584,,,,,
473.19,-75.586,,,,,
473.69,-75.587,,,,,
474.19,-75.589,,,,,
474.69,-75.59,,,,,
475.19,-75.591,,,,,
475.69,-75.592,,,,,
476.19,-75.593,,,,,
476.69,-75.593,,,,,
477.19,-75.594,,,,,
477.69,-75.594,,,,,
478.19,-75.594,,,,,
478.69,-75.595,,,,,
479.19,-75.595,,,,,
479.69,-75.594,,,,,
480.19,-75.594,,,,,
480.69,-75.594,,,,,
481.19,-75.593,,,,,
481.69,-75.593,,,,,
482.19,-75.592,,,,,
482.69,-75.592,,,,,
483.19,-75.591,,,,,
483.69,-75.59,,,,,
484.19,-75.589,,,,,
484.69,-75.588,,,,,
485.19,-75.587,,,,,
485.69,-75.586,,,,,
486.19,-75.584,,,,,
486.69,-75.583,,,,,
487.19,-75.582,,,,,
487.69,-75.58,,,,,
488.19,-75.579,,,,,
488.69,-75.577,,,,,
489.19,-75.576,,,,,
489.69,-75.574,,,,,
490.19,-75.572,,,,,
490.69,-75.571,,,,,
491.19,-75.569,,,,,
491.69,-75.567,,,,,
492.19,-75.565,,,,,
492.69,-75.563,,,,,
493.19,-75.561,,,,,
493.69,-75.559,,,,,
494.19,-75.557,,,,,
494.69,-75.555,,,,,
495.19,-75.553,,,,,
495.69,-75.551,,,,,
496.19,-75.548,,,,,
496.69,-75.546,,,,,
497.19,-75.544,,,,,
497.69,-75.542,,,,,
498.19,-75.539,,,,,
498.69,-75.537,,,,,
499.19,-75.535,,,,,
499.69,-75.532,,,,,
500.19,-75.53,,,,,
500.69,-75.528,,,,,
501.19,-75.525,,,,,
501.69,-75.523,,,,,
502.19,-75.52,,,,,
502.69,-75.518,,,,,
503.19,-75.515,,,,,
503.69,-75.513,,,,,
504.19,-75.51,,,,,
504.69,-75.507,,,,,
505.19,-75.505,,,,,
505.69,-75.502,,,,,
506.19,-75.5,,,,,
506.69,-75.497,,,,,
507.19,-75.494,,,,,
507.69,-75.492,,,,,
508.19,-75.489,,,,,
508.69,-75.486,,,,,
509.19,-75.484,,,,,
509.69,-75.481,,,,,
510.19,-75.478,,,,,
510.69,-75.476,,,,,
511.19,-75.473,,,,,
511.69,-75.47,,,,,
512.19,-75.467,,,,,
512.69,-75.465,,,,,
513.19,-75.462,,,,,
513.69,-75.459,,,,,
514.19,-75.456,,,,,
514.69,-75.454,,,,,
515.19,-75.451,,,,,
515.69,-75.448,,,,,
516.19,-75.445,,,,,
516.69,-75.442,,,,,
517.19,-75.44,,,,,
517.69,-75.437,,,,,
518.19,-75.434,,,,,
518.69,-75.431,,,,,
519.19,-75.428,,,,,
519.69,-75.426,,,,,
520.19,-75.423,,,,,
520.69,-75.42,,,,,
521.19,-75.417,,,,,
521.69,-75.414,,,,,
522.19,-75.412,,,,,
522.69,-75.409,,,,,
523.19,-75.406,,,,,
523.69,-75.403,,,,,
524.19,-75.4,,,,,
524.69,-75.397,,,,,
525.19,-75.395,,,,,
525.69,-75.392,,,,,
526.19,-75.389,,,,,
526.69,-75.386,,,,,
527.19,-75.383,,,,,
527.69,-75.38,,,,,
528.19,-75.378,,,,,
528.69,-75.375,,,,,
529.19,-75.372,,,,,
529.69,-75.369,,,,,
530.19,-75.366,,,,,
530.69,-75.363,,,,,
531.19,-75.361,,,,,
531.69,-75.358,,,,,
532.19,-75.355,,,,,
532.69,-75.352,,,,,
533.19,-75.349,,,,,
533.69,-75.346,,,,,
534.19,-75.344,,,,,
534.69,-75.341,,,,,
535.19,-75.338,,,,,
535.69,-75.335,,,,,
536.19,-75.332,,,,,
536.69,-75.329,,,,,
537.19,-75.327,,,,,
537.69,-75.324,,,,,
538.19,-75.321,,,,,
538.69,-75.318,,,,,
539.19,-75.315,,,,,
539.69,-75.313,,,,,
540.19,-75.31,,,,,
540.69,-75.307,,,,,
541.19,-75.304,,,,,
541.69,-75.301,,,,,
542.19,-75.298,,,,,
542.69,-75.296,,,,,
543.19,-75.293,,,,,
543.69,-75.29,,,,,
544.19,-75.287,,,,,
544.69,-75.284,,,,,
545.19,-75.282,,,,,
545.69,-75.279,,,,,
546.19,-75.276,,,,,
546.69,-75.273,,,,,
547.19,-75.271,,,,,
547.69,-75.268,,,,,
548.19,-75.265,,,,,
548.69,-75.262,,,,,
549.19,-75.259,,,,,
549.69,-75.257,,,,,
550.19,-75.254,,,,,
550.69,-75.251,,,,,
551.19,-75.248,,,,,
551.69,-75.246,,,,,
552.19,-75.243,,,,,
552.69,-75.24,,,,,
553.19,-75.237,,,,,
553.69,-75.234,,,,,
554.19,-75.232,,,,,
554.69,-75.229,,,,,
555.19,-75.226,,,,,
555.69,-75.223,,,,,
556.19,-75.221,,,,,
556.69,-75.218,,,,,
557.19,-75.215,,,,,
557.69,-75.212,,,,,
558.19,-75.21,,,,,
558.69,-75.207,,,,,
559.19,-75.204,,,,,
559.69,-75.202,,,,,
560.19,-75.199,,,,,
560.69,-75.196,,,,,
561.19,-75.193,,,,,
561.69,-75.191,,,,,
562.19,-75.188,,,,,
562.69,-75.185,,,,,
563.19,-75.182,,,,,
563.69,-75.18,,,,,
564.19,-75.177,,,,,
564.69,-75.174,,,,,
565.19,-75.172,,,,,
565.69,-75.169,,,,,
566.19,-75.166,,,,,
566.69,-75.163,,,,,
567.19,-75.161,,,,,
567.69,-75.158,,,,,
568.19,-75.155,,,,,
568.69,-75.153,,,,,
569.19,-75.15,,,,,
569.69,-75.147,,,,,
570.19,-75.144,,,,,
570.69,-75.142,,,,,
571.19,-75.139,,,,,
571.69,-75.136,,,,,
572.19,-75.134,,,,,
572.69,-75.131,,,,,
573.19,-75.128,,,,,
573.69,-75.126,,,,,
574.19,-75.123,,,,,
574.69,-75.12,,,,,
575.19,-75.117,,,,,
575.69,-75.115,,,,,
576.19,-75.112,,,,,
576.69,-75.109,,,,,
577.19,-75.107,,,,,
577.69,-75.104,,,,,
578.19,-75.101,,,,,
578.69,-75.099,,,,,
579.19,-75.096,,,,,
579.69,-75.093,,,,,
580.19,-75.091,,,,,
580.69,-75.088,,,,,
581.19,-75.085,,,,,
581.69,-75.083,,,,,
582.19,-75.08,,,,,
582.69,-75.077,,,,,
583.19,-75.075,,,,,
583.69,-75.072,,,,,
584.19,-75.069,,,,,
584.69,-75.066,,,,,
585.19,-75.064,,,,,
585.69,-75.061,,,,,
586.19,-75.058,,,,,
586.69,-75.056,,,,,
587.19,-75.053,,,,,
587.69,-75.05,,,,,
588.19,-75.048,,,,,
588.69,-75.045,,,,,
589.19,-75.042,,,,,
589.69,-75.04,,,,,
590.19,-75.037,,,,,
590.69,-75.034,,,,,
591.19,-75.032,,,,,
591.69,-75.029,,,,,
592.19,-75.026,,,,,
592.69,-75.024,,,,,
593.19,-75.021,,,,,
593.69,-75.018,,,,,
594.19,-75.016,,,,,
594.69,-75.013,,,,,
595.19,-75.01,,,,,
595.69,-75.008,,,,,
596.19,-75.005,,,,,
596.69,-75.002,,,,,
597.19,-75,,,,,
597.69,-74.997,,,,,
598.19,-74.994,,,,,
598.69,-74.992,,,,,
599.19,-74.989,,,,,
599.69,-74.986,,,,,
600.19,-74.984,,,,,
600.69,-74.981,,,,,
601.19,-74.978,,,,,
601.69,-74.975,,,,,
602.19,-74.973,,,,,
602.69,-74.97,,,,,
603.19,-74.967,,,,,
603.69,-74.965,,,,,
604.19,-74.962,,,,,
604.69,-74.959,,,,,
605.19,-74.957,,,,,
605.69,-74.954,,,,,
606.19,-74.951,,,,,
606.69,-74.949,,,,,
607.19,-74.946,,,,,
607.69,-74.943,,,,,
608.19,-74.94,,,,,
608.69,-74.938,,,,,
609.19,-74.935,,,,,
609.69,-74.932,,,,,
610.19,-74.93,,,,,
610.69,-74.927,,,,,
611.19,-74.924,,,,,
611.69,-74.922,,,,,
612.19,-74.919,,,,,
612.69,-74.916,,,,,
613.19,-74.913,,,,,
613.69,-74.911,,,,,
614.19,-74.908,,,,,
614.69,-74.905,,,,,
615.19,-74.903,,,,,
615.69,-74.9,,,,,
616.19,-74.897,,,,,
616.69,-74.894,,,,,
617.19,-74.892,,,,,
617.69,-74.889,,,,,
618.19,-74.886,,,,,
618.69,-74.883,,,,,
619.19,-74.881,,,,,
619.69,-74.878,,,,,
620.19,-74.875,,,,,
620.69,-74.872,,,,,
621.19,-74.87,,,,,
621.69,-74.867,,,,,
622.19,-74.864,,,,,
622.69,-74.861,,,,,
623.19,-74.859,,,,,
623.69,-74.856,,,,,
624.19,-74.853,,,,,
624.69,-74.85,,,,,
625.19,-74.848,,,,,
625.69,-74.845,,,,,
626.19,-74.842,,,,,
626.69,-74.839,,,,,
627.19,-74.837,,,,,
627.69,-74.834,,,,,
628.19,-74.831,,,,,
628.69,-74.828,,,,,
629.19,-74.826,,,,,
629.69,-74.823,,,,,
630.19,-74.82,,,,,
630.69,-74.817,,,,,
631.19,-74.814,,,,,
631.69,-74.812,,,,,
632.19,-74.809,,,,,
632.69,-74.806,,,,,
633.19,-74.803,,,,,
633.69,-74.8,,,,,
634.19,-74.797,,,,,
634.69,-74.795,,,,,
635.19,-74.792,,,,,
635.69,-74.789,,,,,
636.19,-74.786,,,,,
636.69,-74.783,,,,,
637.19,-74.781,,,,,
637.69,-74.778,,,,,
638.19,-74.775,,,,,
638.69,-74.772,,,,,
639.19,-74.769,,,,,
639.69,-74.766,,,,,
640.19,-74.763,,,,,
640.69,-74.761,,,,,
641.19,-74.758,,,,,
641.69,-74.755,,,,,
642.19,-74.752,,,,,
642.69,-74.749,,,,,
643.19,-74.746,,,,,
643.69,-74.743,,,,,
644.19,-74.74,,,,,
644.69,-74.738,,,,,
645.19,-74.735,,,,,
645.69,-74.732,,,,,
646.19,-74.729,,,,,
646.69,-74.726,,,,,
647.19,-74.723,,,,,
647.69,-74.72,,,,,
648.19,-74.717,,,,,
648.69,-74.714,,,,,
649.19,-74.711,,,,,
649.69,-74.708,,,,,
650.19,-74.706,,,,,
650.69,-74.703,,,,,
651.19,-74.7,,,,,
651.69,-74.697,,,,,
652.19,-74.694,,,,,
652.69,-74.691,,,,,
653.19,-74.688,,,,,
653.69,-74.685,,,,,
654.19,-74.682,,,,,
654.69,-74.679,,,,,
655.19,-74.676,,,,,
655.69,-74.673,,,,,
656.19,-74.67,,,,,
656.69,-74.667,,,,,
657.19,-74.664,,,,,
657.69,-74.661,,,,,
658.19,-74.658,,,,,
658.69,-74.655,,,,,
659.19,-74.652,,,,,
659.69,-74.649,,,,,
660.19,-74.646,,,,,
660.69,-74.643,,,,,
661.19,-74.64,,,,,
661.69,-74.637,,,,,
662.19,-74.634,,,,,
662.69,-74.631,,,,,
663.19,-74.628,,,,,
663.69,-74.625,,,,,
664.19,-74.622,,,,,
664.69,-74.619,,,,,
665.19,-74.615,,,,,
665.69,-74.612,,,,,
666.19,-74.609,,,,,
666.69,-74.606,,,,,
667.19,-74.603,,,,,
667.69,-74.6,,,,,
668.19,-74.597,,,,,
668.69,-74.594,,,,,
669.19,-74.591,,,,,
669.69,-74.588,,,,,
670.19,-74.584,,,,,
670.69,-74.581,,,,,
671.19,-74.578,,,,,
671.69,-74.575,,,,,
672.19,-74.572,,,,,
672.69,-74.569,,,,,
673.19,-74.566,,,,,
673.69,-74.562,,,,,
674.19,-74.559,,,,,
674.69,-74.556,,,,,
675.19,-74.553,,,,,
675.69,-74.55,,,,,
676.19,-74.546,,,,,
676.69,-74.543,,,,,
677.19,-74.54,,,,,
677.69,-74.537,,,,,
678.19,-74.534,,,,,
678.69,-74.53,,,,,
679.19,-74.527,,,,,
679.69,-74.524,,,,,
680.19,-74.521,,,,,
680.69,-74.517,,,,,
681.19,-74.514,,,,,
681.69,-74.511,,,,,
682.19,-74.508,,,,,
682.69,-74.504,,,,,
683.19,-74.501,,,,,
683.69,-74.498,,,,,
684.19,-74.494,,,,,
684.69,-74.491,,,,,
685.19,-74.488,,,,,
685.69,-74.484,,,,,
686.19,-74.481,,,,,
686.69,-74.478,,,,,
687.19,-74.474,,,,,
687.69,-74.471,,,,,
688.19,-74.468,,,,,
688.69,-74.464,,,,,
689.19,-74.461,,,,,
689.69,-74.458,,,,,
690.19,-74.454,,,,,
690.69,-74.451,,,,,
691.19,-74.448,,,,,
691.69,-74.444,,,,,
692.19,-74.441,,,,,
692.69,-74.437,,,,,
693.19,-74.434,,,,,
693.69,-74.431,,,,,
694.19,-74.427,,,,,
694.69,-74.424,,,,,
695.19,-74.42,,,,,
695.69,-74.417,,,,,
696.19,-74.413,,,,,
696.69,-74.41,,,,,
697.19,-74.406,,,,,
697.69,-74.403,,,,,
698.19,-74.399,,,,,
698.69,-74.396,,,,,
699.19,-74.392,,,,,
699.69,-74.389,,,,,
700.19,-74.385,,,,,
700.69,-74.382,,,,,
701.19,-74.378,,,,,
701.69,-74.375,,,,,
702.19,-74.371,,,,,
702.69,-74.368,,,,,
703.19,-74.364,,,,,
703.69,-74.36,,,,,
704.19,-74.357,,,,,
704.69,-74.353,,,,,
705.19,-74.35,,,,,
705.69,-74.346,,,,,
706.19,-74.342,,,,,
706.69,-74.339,,,,,
707.19,-74.335,,,,,
707.69,-74.332,,,,,
708.19,-74.328,,,,,
708.69,-74.324,,,,,
709.19,-74.321,,,,,
709.69,-74.317,,,,,
710.19,-74.313,,,,,
710.69,-74.31,,,,,
711.19,-74.306,,,,,
711.69,-74.302,,,,,
712.19,-74.298,,,,,
712.69,-74.295,,,,,
713.19,-74.291,,,,,
713.69,-74.287,,,,,
714.19,-74.284,,,,,
714.69,-74.28,,,,,
715.19,-74.276,,,,,
715.69,-74.272,,,,,
716.19,-74.268,,,,,
716.69,-74.265,,,,,
717.19,-74.261,,,,,
717.69,-74.257,,,,,
718.19,-74.253,,,,,
718.69,-74.249,,,,,
719.19,-74.246,,,,,
719.69,-74.242,,,,,
720.19,-74.238,,,,,
720.69,-74.234,,,,,
721.19,-74.23,,,,,
721.69,-74.226,,,,,
722.19,-74.222,,,,,
722.69,-74.219,,,,,
723.19,-74.215,,,,,
723.69,-74.211,,,,,
724.19,-74.207,,,,,
724.69,-74.203,,,,,
725.19,-74.199,,,,,
725.69,-74.195,,,,,
726.19,-74.191,,,,,
726.69,-74.187,,,,,
727.19,-74.183,,,,,
727.69,-74.179,,,,,
728.19,-74.175,,,,,
728.69,-74.171,,,,,
729.19,-74.167,,,,,
729.69,-74.163,,,,,
730.19,-74.159,,,,,
730.69,-74.155,,,,,
731.19,-74.151,,,,,
731.69,-74.147,,,,,
732.19,-74.143,,,,,
732.69,-74.139,,,,,
733.19,-74.135,,,,,
733.69,-74.13,,,,,
734.19,-74.126,,,,,
734.69,-74.122,,,,,
735.19,-74.118,,,,,
735.69,-74.114,,,,,
736.19,-74.11,,,,,
736.69,-74.106,,,,,
737.19,-74.101,,,,,
737.69,-74.097,,,,,
738.19,-74.093,,,,,
738.69,-74.089,,,,,
739.19,-74.085,,,,,
739.69,-74.08,,,,,
740.19,-74.076,,,,,
740.69,-74.072,,,,,
741.19,-74.068,,,,,
741.69,-74.063,,,,,
742.19,-74.059,,,,,
742.69,-74.055,,,,,
743.19,-74.051,,,,,
743.69,-74.046,,,,,
744.19,-74.042,,,,,
744.69,-74.038,,,,,
745.19,-74.033,,,,,
745.69,-74.029,,,,,
746.19,-74.024,,,,,
746.69,-74.02,,,,,
747.19,-74.016,,,,,
747.69,-74.011,,,,,
748.19,-74.007,,,,,
748.69,-74.002,,,,,
749.19,-73.998,,,,,
749.69,-73.994,,,,,
750.19,-73.989,,,,,
750.69,-73.985,,,,,
751.19,-73.98,,,,,
751.69,-73.976,,,,,
752.19,-73.971,,,,,
752.69,-73.967,,,,,
753.19,-73.962,,,,,
753.69,-73.958,,,,,
754.19,-73.953,,,,,
754.69,-73.948,,,,,
755.19,-73.944,,,,,
755.69,-73.939,,,,,
756.19,-73.935,,,,,
756.69,-73.93,,,,,
757.19,-73.925,,,,,
757.69,-73.921,,,,,
758.19,-73.916,,,,,
758.69,-73.911,,,,,
759.19,-73.907,,,,,
759.69,-73.902,,,,,
760.19,-73.897,,,,,
760.69,-73.893,,,,,
761.19,-73.888,,,,,
761.69,-73.883,,,,,
762.19,-73.878,,,,,
762.69,-73.874,,,,,
763.19,-73.869,,,,,
763.69,-73.864,,,,,
764.19,-73.859,,,,,
764.69,-73.854,,,,,
765.19,-73.85,,,,,
765.69,-73.845,,,,,
766.19,-73.84,,,,,
766.69,-73.835,,,,,
767.19,-73.83,,,,,
767.69,-73.825,,,,,
768.19,-73.82,,,,,
768.69,-73.815,,,,,
769.19,-73.81,,,,,
769.69,-73.806,,,,,
770.19,-73.801,,,,,
770.69,-73.796,,,,,
771.19,-73.791,,,,,
771.69,-73.786,,,,,
772.19,-73.781,,,,,
772.69,-73.776,,,,,
773.19,-73.77,,,,,
773.69,-73.765,,,,,
774.19,-73.76,,,,,
774.69,-73.755,,,,,
775.19,-73.75,,,,,
775.69,-73.745,,,,,
776.19,-73.74,,,,,
776.69,-73.735,,,,,
777.19,-73.73,,,,,
777.69,-73.724,,,,,
778.19,-73.719,,,,,
778.69,-73.714,,,,,
779.19,-73.709,,,,,
779.69,-73.703,,,,,
780.19,-73.698,,,,,
780.69,-73.693,,,,,
781.19,-73.688,,,,,
781.69,-73.682,,,,,
782.19,-73.677,,,,,
782.69,-73.672,,,,,
783.19,-73.666,,,,,
783.69,-73.661,,,,,
784.19,-73.656,,,,,
784.69,-73.65,,,,,
785.19,-73.645,,,,,
785.69,-73.639,,,,,
786.19,-73.634,,,,,
786.69,-73.628,,,,,
787.19,-73.623,,,,,
787.69,-73.617,,,,,
788.19,-73.612,,,,,
788.69,-73.606,,,,,
789.19,-73.601,,,,,
789.69,-73.595,,,,,
790.19,-73.59,,,,,
790.69,-73.584,,,,,
791.19,-73.579,,,,,
791.69,-73.573,,,,,
792.19,-73.567,,,,,
792.69,-73.562,,,,,
793.19,-73.556,,,,,
793.69,-73.55,,,,,
794.19,-73.544,,,,,
794.69,-73.539,,,,,
795.19,-73.533,,,,,
795.69,-73.527,,,,,
796.19,-73.521,,,,,
796.69,-73.516,,,,,
797.19,-73.51,,,,,
797.69,-73.504,,,,,
798.19,-73.498,,,,,
798.69,-73.492,,,,,
799.19,-73.486,,,,,
799.69,-73.48,,,,,
800.19,-73.474,,,,,
800.69,-73.469,,,,,
801.19,-73.463,,,,,
801.69,-73.457,,,,,
802.19,-73.451,,,,,
802.69,-73.444,,,,,
803.19,-73.438,,,,,
803.69,-73.432,,,,,
804.19,-73.426,,,,,
804.69,-73.42,,,,,
805.19,-73.414,,,,,
805.69,-73.408,,,,,
806.19,-73.402,,,,,
806.69,-73.396,,,,,
807.19,-73.389,,,,,
807.69,-73.383,,,,,
808.19,-73.377,,,,,
808.69,-73.371,,,,,
809.19,-73.364,,,,,
809.69,-73.358,,,,,
810.19,-73.352,,,,,
810.69,-73.345,,,,,
811.19,-73.339,,,,,
811.69,-73.332,,,,,
812.19,-73.326,,,,,
812.69,-73.32,,,,,
813.19,-73.313,,,,,
813.69,-73.307,,,,,
814.19,-73.3,,,,,
814.69,-73.294,,,,,
815.19,-73.287,,,,,
815.69,-73.28,,,,,
816.19,-73.274,,,,,
816.69,-73.267,,,,,
817.19,-73.261,,,,,
817.69,-73.254,,,,,
818.19,-73.247,,,,,
818.69,-73.24,,,,,
819.19,-73.234,,,,,
819.69,-73.227,,,,,
820.19,-73.22,,,,,
820.69,-73.213,,,,,
821.19,-73.206,,,,,
821.69,-73.2,,,,,
822.19,-73.193,,,,,
822.69,-73.186,,,,,
823.19,-73.179,,,,,
823.69,-73.172,,,,,
824.19,-73.165,,,,,
824.69,-73.158,,,,,
825.19,-73.151,,,,,
825.69,-73.144,,,,,
826.19,-73.137,,,,,
826.69,-73.13,,,,,
827.19,-73.122,,,,,
827.69,-73.115,,,,,
828.19,-73.108,,,,,
828.69,-73.101,,,,,
829.19,-73.094,,,,,
829.69,-73.086,,,,,
830.19,-73.079,,,,,
830.69,-73.072,,,,,
831.19,-73.064,,,,,
831.69,-73.057,,,,,
832.19,-73.049,,,,,
832.69,-73.042,,,,,
833.19,-73.034,,,,,
833.69,-73.027,,,,,
834.19,-73.019,,,,,
834.69,-73.012,,,,,
835.19,-73.004,,,,,
835.69,-72.997,,,,,
836.19,-72.989,,,,,
836.69,-72.981,,,,,
837.19,-72.974,,,,,
837.69,-72.966,,,,,
838.19,-72.958,,,,,
838.69,-72.95,,,,,
839.19,-72.942,,,,,
839.69,-72.934,,,,,
840.19,-72.927,,,,,
840.69,-72.919,,,,,
841.19,-72.911,,,,,
841.69,-72.903,,,,,
842.19,-72.895,,,,,
842.69,-72.887,,,,,
843.19,-72.878,,,,,
843.69,-72.87,,,,,
844.19,-72.862,,,,,
844.69,-72.854,,,,,
845.19,-72.846,,,,,
845.69,-72.837,,,,,
846.19,-72.829,,,,,
846.69,-72.821,,,,,
847.19,-72.812,,,,,
847.69,-72.804,,,,,
848.19,-72.795,,,,,
848.69,-72.787,,,,,
849.19,-72.778,,,,,
849.69,-72.77,,,,,
850.19,-72.761,,,,,
850.69,-72.753,,,,,
851.19,-72.744,,,,,
851.69,-72.735,,,,,
852.19,-72.726,,,,,
852.69,-72.718,,,,,
853.19,-72.709,,,,,
853.69,-72.7,,,,,
854.19,-72.691,,,,,
854.69,-72.682,,,,,
855.19,-72.673,,,,,
855.69,-72.664,,,,,
856.19,-72.655,,,,,
856.69,-72.646,,,,,
857.19,-72.637,,,,,
857.69,-72.627,,,,,
858.19,-72.618,,,,,
858.69,-72.609,,,,,
859.19,-72.599,,,,,
859.69,-72.59,,,,,
860.19,-72.581,,,,,
860.69,-72.571,,,,,
861.19,-72.562,,,,,
861.69,-72.552,,,,,
862.19,-72.542,,,,,
862.69,-72.533,,,,,
863.19,-72.523,,,,,
863.69,-72.513,,,,,
864.19,-72.503,,,,,
864.69,-72.493,,,,,
865.19,-72.484,,,,,
865.69,-72.474,,,,,
866.19,-72.464,,,,,
866.69,-72.453,,,,,
867.19,-72.443,,,,,
867.69,-72.433,,,,,
868.19,-72.423,,,,,
868.69,-72.413,,,,,
869.19,-72.402,,,,,
869.69,-72.392,,,,,
870.19,-72.382,,,,,
870.69,-72.371,,,,,
871.19,-72.36,,,,,
871.69,-72.35,,,,,
872.19,-72.339,,,,,
872.69,-72.328,,,,,
873.19,-72.318,,,,,
873.69,-72.307,,,,,
874.19,-72.296,,,,,
874.69,-72.285,,,,,
875.19,-72.274,,,,,
875.69,-72.263,,,,,
876.19,-72.252,,,,,
876.69,-72.241,,,,,
877.19,-72.229,,,,,
877.69,-72.218,,,,,
878.19,-72.207,,,,,
878.69,-72.195,,,,,
879.19,-72.184,,,,,
879.69,-72.172,,,,,
880.19,-72.16,,,,,
880.69,-72.149,,,,,
881.19,-72.137,,,,,
881.69,-72.125,,,,,
882.19,-72.113,,,,,
882.69,-72.101,,,,,
883.19,-72.089,,,,,
883.69,-72.077,,,,,
884.19,-72.064,,,,,
884.69,-72.052,,,,,
885.19,-72.04,,,,,
885.69,-72.027,,,,,
886.19,-72.015,,,,,
886.69,-72.002,,,,,
887.19,-71.989,,,,,
887.69,-71.976,,,,,
888.19,-71.964,,,,,
888.69,-71.951,,,,,
889.19,-71.938,,,,,
889.69,-71.924,,,,,
890.19,-71.911,,,,,
890.69,-71.898,,,,,
891.19,-71.885,,,,,
891.69,-71.871,,,,,
892.19,-71.858,,,,,
892.69,-71.844,,,,,
893.19,-71.83,,,,,
893.69,-71.816,,,,,
894.19,-71.802,,,,,
894.69,-71.788,,,,,
895.19,-71.774,,,,,
895.69,-71.76,,,,,
896.19,-71.746,,,,,
896.69,-71.731,,,,,
897.19,-71.717,,,,,
897.69,-71.702,,,,,
898.19,-71.687,,,,,
898.69,-71.672,,,,,
899.19,-71.657,,,,,
899.69,-71.642,,,,,
900.19,-71.627,,,,,
900.69,-71.612,,,,,
901.19,-71.596,,,,,
901.69,-71.581,,,,,
902.19,-71.565,,,,,
902.69,-71.549,,,,,
903.19,-71.533,,,,,
903.69,-71.517,,,,,
904.19,-71.501,,,,,
904.69,-71.485,,,,,
905.19,-71.468,,,,,
905.69,-71.452,,,,,
906.19,-71.435,,,,,
906.69,-71.418,,,,,
907.19,-71.401,,,,,
907.69,-71.384,,,,,
908.19,-71.367,,,,,
908.69,-71.349,,,,,
909.19,-71.332,,,,,
909.69,-71.314,,,,,
910.19,-71.296,,,,,
910.69,-71.278,,,,,
911.19,-71.26,,,,,
911.69,-71.242,,,,,
912.19,-71.223,,,,,
912.69,-71.205,,,,,
913.19,-71.186,,,,,
913.69,-71.167,,,,,
914.19,-71.148,,,,,
914.69,-71.128,,,,,
915.19,-71.109,,,,,
915.69,-71.089,,,,,
916.19,-71.069,,,,,
916.69,-71.049,,,,,
917.19,-71.029,,,,,
917.69,-71.008,,,,,
918.19,-70.988,,,,,
918.69,-70.967,,,,,
919.19,-70.946,,,,,
919.69,-70.924,,,,,
920.19,-70.903,,,,,
920.69,-70.881,,,,,
921.19,-70.859,,,,,
921.69,-70.837,,,,,
922.19,-70.814,,,,,
922.69,-70.792,,,,,
923.19,-70.769,,,,,
923.69,-70.746,,,,,
924.19,-70.722,,,,,
924.69,-70.699,,,,,
925.19,-70.675,,,,,
925.69,-70.651,,,,,
926.19,-70.626,,,,,
926.69,-70.601,,,,,
927.19,-70.576,,,,,
927.69,-70.551,,,,,
928.19,-70.525,,,,,
928.69,-70.499,,,,,
929.19,-70.473,,,,,
929.69,-70.446,,,,,
930.19,-70.42,,,,,
930.69,-70.392,,,,,
931.19,-70.365,,,,,
931.69,-70.337,,,,,
932.19,-70.309,,,,,
932.69,-70.28,,,,,
933.19,-70.251,,,,,
933.69,-70.222,,,,,
934.19,-70.192,,,,,
934.69,-70.162,,,,,
935.19,-70.131,,,,,
935.69,-70.1,,,,,
936.19,-70.069,,,,,
936.69,-70.037,,,,,
937.19,-70.004,,,,,
937.69,-69.972,,,,,
938.19,-69.938,,,,,
938.69,-69.905,,,,,
939.19,-69.87,,,,,
939.69,-69.835,,,,,
940.19,-69.8,,,,,
940.69,-69.764,,,,,
941.19,-69.728,,,,,
941.69,-69.691,,,,,
942.19,-69.653,,,,,
942.69,-69.615,,,,,
943.19,-69.576,,,,,
943.69,-69.537,,,,,
944.19,-69.497,,,,,
944.69,-69.456,,,,,
945.19,-69.414,,,,,
945.69,-69.372,,,,,
946.19,-69.329,,,,,
946.69,-69.285,,,,,
947.19,-69.24,,,,,
947.69,-69.195,,,,,
948.19,-69.149,,,,,
948.69,-69.101,,,,,
949.19,-69.053,,,,,
949.69,-69.004,,,,,
950.19,-68.954,,,,,
950.69,-68.903,,,,,
951.19,-68.851,,,,,
951.69,-68.798,,,,,
952.19,-68.743,,,,,
952.69,-68.688,,,,,
953.19,-68.631,,,,,
953.69,-68.573,,,,,
954.19,-68.514,,,,,
954.69,-68.453,,,,,
955.19,-68.391,,,,,
955.69,-68.327,,,,,
956.19,-68.262,,,,,
956.69,-68.195,,,,,
957.19,-68.126,,,,,
957.69,-68.056,,,,,
958.19,-67.983,,,,,
958.69,-67.909,,,,,
959.19,-67.833,,,,,
959.69,-67.754,,,,,
960.19,-67.674,,,,,
960.69,-67.591,,,,,
961.19,-67.506,,,,,
961.69,-67.418,,,,,
962.19,-67.328,,,,,
962.69,-67.235,,,,,
